CARON,79,GABRIELLA ZIMMER,17-10-2017
ADAM,50,JOETTA GUINN,26-04-2016
DANAE,80,EILEEN BARTON,24-09-2016
TROY,62,MAMIE MCCARTER,05-04-2018
EUGENIE,37,MARYJO ROBB,15-02-2017
ELVIE,72,CONSUELO WINN,12-12-2017
DAGNY,66,SEASON DENT,11-02-2016
KATELYN,60,CLAUDETTE BEAMAN,27-11-2016
ORLANDO,58,FERN THIEL,18-02-2018
ESMERALDA,34,SHANICE ORELLANA,15-05-2016
RAFAEL,73,NOE PAPE,25-02-2016
LINDSEY,8,TAMMARA XIONG,16-08-2016
SHAKIRA,16,JEWEL ENGLE,18-03-2017
KARIE,29,OPAL KRAUSS,12-12-2016
KRISTI,59,EVE BENJAMIN,20-04-2018
TASHA,38,HERMAN HOOKS,02-07-2016
FELTON,80,MAY HAWLEY,18-06-2017
KINDRA,22,LASANDRA MANNING,25-02-2016
VERDA,32,MISSY TIBBS,22-02-2018
TRISH,77,ISADORA MCKAY,08-01-2018
MARIKO,37,DAISEY COWLES,16-09-2016
COLLENE,11,SETSUKO SIMPSON,08-04-2016
AMINA,36,BRITTANY MADRID,31-12-2016
JULISSA,63,JANYCE JARRELL,25-08-2016
LATIA,30,LATOYIA SHAFER,29-04-2018
TAMEKIA,40,CASIE FONSECA,30-09-2016
DULCE,67,DAVID MILNER,16-05-2016
SHERA,37,HEIDE MAHER,04-09-2017
NATHALIE,11,JOLYN VANCE,26-12-2016
KATIA,35,TAMMI TOWNES,17-03-2016
MARX,58,WINDY CAUDILL,18-05-2017
JEANENE,44,EVELINE BRIGHAM,22-01-2017
ROSENA,42,WINONA COOMBS,21-01-2016
MARYJO,10,LYMAN MEDRANO,05-11-2016
PAULENE,37,EVELINE BYRNES,14-05-2018
THEODORA,34,COLENE MARQUARDT,03-06-2018
HENRY,68,MILDRED LUNDGREN,27-04-2016
CARROLL,60,KEVIN RYDER,30-04-2016
PARIS,14,CONCEPCION BUIE,30-05-2016
JOSH,7,RANA OWEN,23-09-2017
ELIDA,43,JEANETTA GARDNER,30-05-2018
JEWELL,26,RAQUEL BURKETT,12-02-2017
CORAZON,35,SONJA MCMAHON,15-04-2016
RAMON,15,WYNONA SIBLEY,28-01-2018
KIMI,71,KENA WEEKS,08-12-2016
TANEKA,80,BERNADINE RAU,11-02-2016
TOD,28,BRIANA STRICKLAND,31-03-2016
CHANDRA,36,LUCIANA BAYER,14-05-2018
LILLIAM,73,RUSSEL KOLB,20-01-2018
JOSLYN,9,RON MORROW,02-11-2017
REGINE,22,KYRA ENRIQUEZ,03-06-2017
SHENA,26,NANCI BOUNDS,17-07-2017
FLORINE,43,GENEVA CONNOLLY,15-12-2017
ROLAND,6,DEVON RICCI,28-08-2017
CHRISTEL,15,LAVETA LAWRENCE,31-05-2017
ROBYN,43,ARLEEN SAULS,16-02-2016
HARMONY,6,IVANA DARLING,18-05-2016
KENNITH,15,RICH GAGE,10-12-2016
ELKE,74,LEAH LEAHY,09-03-2018
SUZI,61,MARYLN BUTTS,03-12-2017
LEONOR,57,BRENTON BLACKWELL,08-03-2018
REBA,19,DELORIS MCCLINTON,28-06-2017
KAYE,62,JUTTA LOYD,11-01-2017
ROBBY,54,ARLENA HAMEL,06-07-2017
ARCELIA,17,DORA CORLEY,11-06-2017
SOO,44,JOHN TOMLIN,05-09-2016
SHANDI,34,SUZANNE OLIPHANT,29-09-2016
GARY,27,RANDELL REYNA,28-05-2018
KIRA,46,ANNETT SEAY,14-11-2016
ARIELLE,48,MONET ZAMBRANO,01-07-2018
LILIA,6,ANETTE HOWERTON,05-03-2017
TWANA,6,ODETTE LERMA,04-10-2017
KRISTLE,28,VALENTINA MEEK,24-10-2016
ERLINE,16,CARI METZ,19-09-2016
ENRIQUETA,74,CARMELA FONG,30-08-2017
LAEL,8,ISABELLE MCGEE,04-09-2016
KRYSTYNA,21,TIA GUNTHER,19-01-2017
HEIDI,25,MAYOLA LADNER,22-10-2017
LUIGI,25,ARTIE PAINTER,30-01-2018
SAVANNA,29,OSSIE ALCORN,25-10-2017
CHANDA,45,CREOLA BESS,08-10-2016
KEITHA,7,CHRISTOPHER EMMONS,09-06-2018
KEITHA,25,MOZELL THORP,12-11-2017
EDWARDO,38,TOMEKA CARDWELL,15-04-2017
JOSEFINA,26,ZOLA GUIDRY,05-07-2016
SANFORD,69,ZOFIA GLASER,15-12-2016
UNA,73,LYNDSEY ROY,16-01-2016
OLYMPIA,46,BILL BARTELS,21-07-2017
ROSINA,45,LAKISHA SWAFFORD,09-01-2017
CHUNG,20,LANELLE REUTER,05-11-2016
JACQULINE,22,VALENTIN BEARD,09-09-2017
RONALD,56,CAMI POLLACK,04-05-2016
SOMMER,66,CRISTIN ZAMORA,21-11-2016
SON,13,CURT BOSTICK,02-01-2018
TRINITY,54,STANTON DAUGHERTY,24-01-2017
MARTY,34,JOELLEN LANDERS,27-06-2017
REDA,46,RAY NEUMAN,01-10-2017
LORIE,40,CHRISTEN ELDRIDGE,26-10-2016
MILDRED,78,MARCOS GAYTAN,05-03-2016
JENINE,55,ARIANA GREENBERG,19-05-2018
